page,character_count,line_count,opening_lines,preview
1,129,2,"Annual Report 2025 | LGT Bank Ltd., Vaduz LGT Bank Ltd. continued to execute its long-term growth strategy in a disciplined manner.","Annual Report 2025
LGT Bank Ltd., Vaduz LGT Bank Ltd. continued to execute its long-term growth strategy in a disciplined manner."
2,167,2,"LGT Bank Ltd., Vaduz LGT Bank Ltd. continued to execute its long-term growth strategy in a disciplined manner. | Olivier de Perregaux, Chairman of the Board of Directors","LGT Bank Ltd., Vaduz LGT Bank Ltd. continued to execute its long-term growth strategy in a disciplined manner.
Olivier de Perregaux, Chairman of the Board of Directors"
3,470,16,Contents | 4 Organisational structure | 5 The financial year in comparison | 6 Message from the Chairman and CEO | 8 Balance sheet | 9 Off-balance sheet transactions | 10 Income statement | 11 Appropriation of profit,"Contents
4 Organisational structure
5 The financial year in comparison
6 Message from the Chairman and CEO
8 Balance sheet
9 Off-balance sheet transactions
10 Income statement
11 Appropriation of profit
12 Flow of funds statement
14 Notes to the financial statements
20 Details on the balance sheet
36 Details on the off-balance sheet transactions
38 Details on the income statement
40 Additional information
44 Report of the statutory auditor
50 International locations"
4,629,19,"Organisational structure | December 2025 | Board of Directors | Olivier de Perregaux, Chairman Gabrielle Nater-Bass Michael Bürge Roland Schubert Stephan Tanner Hans Roth | Internal Audit | Roman Berlinger | Executive Board | Roland Matt, CEO Ivo Klein Markus Werner Florian Dürselen Stefan F. Öhri","Organisational structure
December 2025
Board of Directors
Olivier de Perregaux, Chairman Gabrielle Nater-Bass Michael Bürge Roland Schubert Stephan Tanner Hans Roth
Internal Audit
Roman Berlinger
Executive Board
Roland Matt, CEO Ivo Klein Markus Werner Florian Dürselen Stefan F. Öhri
Statutory Auditor
KPMG (Liechtenstein) AG
April 2026
Board of Directors
Olivier de Perregaux, Chairman Gabrielle Nater-Bass Michael Bürge Roland Schubert Stephan Tanner Hans Roth
Internal Audit
Roman Berlinger
Executive Board
Roland Matt, CEO Heide Suderow Markus Werner Florian Dürselen Stefan F. Öhri
Statutory Auditor
KPMG (Liechtenstein) AG"
5,1095,113,The financial year in comparison | Balance sheet | 2025 | 2024 | Change | Absolute | % | Balance sheet total,"The financial year in comparison
Balance sheet
2025
2024
Change
Absolute
%
Balance sheet total
CHF m
43 892.6
48 644.0
-4 751.4
-9.8
Shareholders’ funds (after profit distribution)
CHF m
3 562.3
3 446.1
116.1
3.4
Client deposit
CHF m
25 476.6
26 118.6
-642.1
-2.5
Due from clients
CHF m
14 991.9
15 883.9
-892.0
-5.6
Income statement
Net interest income
CHF m
343.5
418.3
-74.7
-17.9
Net commission and fee income
CHF m
388.0
362.1
25.9
7.2
Income from financial transactions
CHF m
180.8
165.4
15.4
9.3
Gross operating income
CHF m
1 067.5
1 076.3
-8.8
-0.8
Personnel expenses
CHF m
362.5
357.7
4.8
1.3
Operating expenses
CHF m
416.1
438.0
-21.9
-5.0
Result from ordinary business activities
CHF m
255.2
225.8
29.4
13.0
Income tax
CHF m
28.4
25.3
3.1
12.4
Profit for the year
CHF m
226.8
200.5
26.3
1"
6,4402,17,"Message from the Chairman and CEO | Overall, global financial markets performed robustly in 2025, despite periods of heightened volatility amid ongoing geopolitical tensions and economic uncertainty. Against this backdrop, LGT Bank Ltd. continued to execute its long-term growth strategy in a disciplined manner – effectively leveraging its investment expertise across asset classes to deliver value to its clients. | Growth in core business | Net interest income decreased nearly 18 % year-on-year to CHF 343.5 million, as central banks lowered benchmark interest rates in 2025. In wealth management for private clients, LGT Bank Ltd.'s core business, commission income rose more than 11 % to CHF 480.5 million. | Business expenses edged 2 % lower from the prior year to CHF 778.6 million. Personnel expenses rose by CHF 4.8 million, or 1%, due to higher variable compensation. At the end of 2025, the number of employees stood at 1246 in full-time equivalents (previous year: 1312). | Overall, LGT Bank Ltd. recorded gross operating income of CHF 1067.5 million in 2025, or CHF 8.8 million lower on the year. Gross profit stood at CHF 289.0 million compared with CHF 280.6 million in 2024, resulting in a profit for the year of CHF 226.8 million, from CHF 200.5 million previously. The loan portfolio's excellent quality is reflected in the consistently low valuation adjustments required and in 2025, LGT Bank Ltd. recorded write-downs in line with those of the previous year. The balance sheet total decreased nearly 10 % to CHF 43.89 billion on the year, due mainly to foreign exchange movements. | Assets and capitalisation | Client assets of LGT Bank Ltd. rose nearly 9 % to CHF 142.2 billion, due primarily to net asset inflows of CHF 4.6 billion and market fluctuations including foreign exchange movements.","Message from the Chairman and CEO
Overall, global financial markets performed robustly in 2025, despite periods of heightened volatility amid ongoing geopolitical tensions and economic uncertainty. Against this backdrop, LGT Bank Ltd. continued to execute its long-term growth strategy in a disciplined manner – effectively leveraging its investment expertise across asset classes to deliver value to its clients.
Growth in core business
Net interest income decreased nearly 18 % year-on-year to CHF 343.5 million, as central banks lowered benchmark interest rates in 2025. In wealth management for private clients, LGT Bank Ltd.'s core business, commission income rose more than 11 % to CHF 480.5 million.
Business expenses edged 2 % lower from the prior year to CHF 778.6 million. Personnel expense"
7,0,0,,
8,1748,155,Balance sheet | Assets (CHF thousands) | Note | 31.12.2025 | 31.12.2024 | Change | Absolute | %,"Balance sheet
Assets (CHF thousands)
Note
31.12.2025
31.12.2024
Change
Absolute
%
Cash and cash equivalents
16
3 058 458
3 617 994
-559 536
-15.5
Debt instruments of public authorities and bills
which are eligible for refinancing at central banks
3, 16, 22
335 719
3 329 981
-2 994 262
-89.9
Due from banks
16
16 031 100
16 703 299
-672 199
-4.0
Due from clients
1, 16
14 991 882
15 883 906
-892 024
-5.6
of which mortgage loans
1, 16
3 313 352
3 062 752
250 600
8.2
Bonds and other fixed interest-bearing securities
2, 3, 4, 21, 23, 40
6 012 248
5 576 217
436 032
7.8
Equities and other non-fixed interest securities
2, 3, 4, 40
6 813
0
6 813
-
Participations
5, 7, 8, 40
355
355
0
0.0
Shares in affiliated companies
5, 6, 8, 21, 40
11 545
12 166
-621
-5.1
Intangible assets
8, 9
69 953
98 063
-28 1"
9,966,65,Off-balance sheet transactions | Off-balance sheet (CHF thousands) | Note | 31.12.2025 | 31.12.2024 | Change | Absolute | %,"Off-balance sheet transactions
Off-balance sheet (CHF thousands)
Note
31.12.2025
31.12.2024
Change
Absolute
%
Contingent liabilities
1, 27
552 315
11 739 286
-11 186 972
-95.3
of which liabilities from guarantees and indemnity
agreements as well as from the furnishing of collateral
1, 27
552 315
11 739 286
-11 186 972
-95.3
Credit risks
2 220 755
2 508 294
-287 539
-11.5
of which irrevocable commitments
1
515 972
656 311
-130 989
-20.0
of which commitments to subscribe additional
contributions for shares or other equity securities
1
1 704 782
1 851 983
-156 551
-8.5
Derivative financial instruments
Positive replacement values
30, 41
1 307 366
2 102 636
-795 270
-37.8
Negative replacement values
30, 42
1 239 945
1 776 587
-536 642
-30.2
Contract volume
30
130 194 095
147 333 730
-17 139 635"
10,1916,159,Income statement | Income statement (CHF thousands) | Note | 2025 | 2024 | Change | Absolute | %,"Income statement
Income statement (CHF thousands)
Note
2025
2024
Change
Absolute
%
Interest earned
32, 33, 34
1 414 970
1 882 280
-467 310
-24.8
Interest paid
33
-1 071 431
-1 463 996
392 566
-26.8
Net interest income
343 539
418 284
-74 745
-17.9
Equities and other non-fixed interest securities
0
0
0
0.0
Participations
1 046
1 027
20
1.9
Shares in affiliated companies
78 764
63 639
15 125
23.8
Current income from securities
79 810
64 666
15 144
23.4
Commission income from lending business
6 895
7 978
-1 083
-13.6
Commission income from securities and investment business
456 162
404 222
51 941
12.8
Commission from other services
17 480
19 053
-1 573
-8.3
Income from commission business and services
480 537
431 254
49 283
11.4
Commission paid
-92 495
-69 115
-23 380
33.8
Net commission and "
11,623,34,Appropriation of profit | Appropriation of profit – proposal of the Board of Directors | to the general meeting of shareholders (CHF thousands) | 2025 | 2024 | Profit for the year | 226 768 | 200 487,"Appropriation of profit
Appropriation of profit – proposal of the Board of Directors
to the general meeting of shareholders (CHF thousands)
2025
2024
Profit for the year
226 768
200 487
Profit carried forward
1 530 447
1 434 792
Accumulated profit for the year
1 757 215
1 635 279
Profit distribution
Allocation to legal reserves
0
0
Allocation to statutory reserves
0
0
Allocation to other reserves
0
0
Dividend on company capital
110 656
104 832
Other profit distribution
0
0
Profit carried forward
1 646 559
1 530 447
Important: This is a non-binding English translation of the binding Annual Report published in German."
12,1711,121,Flow of funds statement | Flow of funds statement (CHF thousands) | 2025 | 2024 | Source | of funds | Application | of funds,"Flow of funds statement
Flow of funds statement (CHF thousands)
2025
2024
Source
of funds
Application
of funds
Source
of funds
Application
of funds
Flow of funds from operating result (internal financing)
Profit for the year
226 768
200 487
Depreciation of non-current assets
30 153
30 678
Value adjustments and provisions
17 187
9 378
Accrued income and prepaid expenses
4 800
12 624
Accrued expenses and deferred income
12 234
11 235
Previous-year dividend
104 832
125 216
Balance
127 468
120 429
Flow of funds from changes to non-current assets
Participations
61
Shares in affiliated companies
621
383
Intangible assets
37
Properties
22 080
14 450
Other tangible assets
1 405
3 450
Currency difference
4 993
4 342
Balance
17 872
22 722
Flow of funds from banking operations
Medium- and long-term b"
13,0,0,,
14,2227,13,"Notes on business activities | General information | LGT Bank Ltd. is headquartered in Vaduz and operates as a universal bank and securities trader. The company has branch offices in Hong Kong, Vienna, Dublin, Munich and London. The bank has representative offices in Bahrain, Geneva, Lugano and Zurich. | As at 31 December 2025, LGT Bank Ltd. had 1246 employees in full-time equivalents (2024: 1312). In 2025, the average number of employees in full-time equivalents was 1263 (2024: 1293). | As a universal bank, LGT Bank is active in the areas of wealth management (commission business and services) and trading, as well as in the money market and the lending business. | Wealth management | LGT Bank Ltd. is one of the leading international names in traditional private banking. The bank offers a broad spectrum of products and services that enable clients to choose the best solution for their needs. The majority of income from the commission business and services is attributable to wealth management. The commission business and services are also the bank's main source of income. | Money market business","Notes on business activities
General information
LGT Bank Ltd. is headquartered in Vaduz and operates as a universal bank and securities trader. The company has branch offices in Hong Kong, Vienna, Dublin, Munich and London. The bank has representative offices in Bahrain, Geneva, Lugano and Zurich.
As at 31 December 2025, LGT Bank Ltd. had 1246 employees in full-time equivalents (2024: 1312). In 2025, the average number of employees in full-time equivalents was 1263 (2024: 1293).
As a universal bank, LGT Bank is active in the areas of wealth management (commission business and services) and trading, as well as in the money market and the lending business.
Wealth management
LGT Bank Ltd. is one of the leading international names in traditional private banking. The bank offers a broad spectr"
15,3867,40,"Accounting principles | Basic principles | The annual accounts are prepared in accordance with the act and ordinance on banks and investment firms (Banking Act, Bank Ordinance) and applicable provisions of the Law on Persons and Companies (PGR). LGT Bank Ltd. publishes its financial statements in thousands of Swiss francs (CHF thousands) unless otherwise stated. | Due to rounding, the numbers presented in this report may not always add up precisely to the totals in the tables and text. | Consolidation | LGT Bank Ltd. does not prepare consolidated accounts because the ultimate parent company, LGT Group Foundation, is subject to the Banking Act and prepares annual accounts at Group level. The consolidated accounts are available in the offices of LGT Marketing & Communications located at LGT Bank Ltd., Herrengasse 12, FL-9490 Vaduz, and can be accessed on the internet at www.lgt.com. | Corporate Sustainability Reporting (CSRD) | LGT Bank is exempt from the requirements to publish a sustainability report under Art. 1096c paragraph 1), Art. 1096d and 1096e PGR because its ultimate parent company, LGT Group Foundation, Herrengasse 12, FL-9490 Vaduz has prepared its full sustainability report in accordance with the Corporate Sustainability Reporting Directive (CSRD) and published it within the consolidated annual report in accordance with Art. 1096c paragraph 1) PGR, available at lgt.com/global-en/publications/reports.","Accounting principles
Basic principles
The annual accounts are prepared in accordance with the act and ordinance on banks and investment firms (Banking Act, Bank Ordinance) and applicable provisions of the Law on Persons and Companies (PGR). LGT Bank Ltd. publishes its financial statements in thousands of Swiss francs (CHF thousands) unless otherwise stated.
Due to rounding, the numbers presented in this report may not always add up precisely to the totals in the tables and text.
Consolidation
LGT Bank Ltd. does not prepare consolidated accounts because the ultimate parent company, LGT Group Foundation, is subject to the Banking Act and prepares annual accounts at Group level. The consolidated accounts are available in the offices of LGT Marketing & Communications located at LGT Bank Ltd.,"
16,3905,14,"In addition to the specific value adjustments, the bank makes portfolio value adjustments to cover any latent default risks present on the balance sheet date. Equivalent claims not entitled to specific value adjustments are grouped together into risk portfolios. A calculation model is then applied to each risk portfolio to determine the necessary portfolio value adjustments based on the probability of default and loss given default. Portfolio value adjustments are offset against the corresponding claims. Changes to the portfolio value adjustments are entered in the income statement. | Impaired claims are reclassified as performing if the outstanding capital amounts and interest are once again being paid within the period that was contractually agreed to. | Trading positions comprising securities and precious metals | Trading positions are valued at the market value on the balance sheet date. For positions which are not traded on a recognised exchange or for which there is no representative market, valuation is carried out at the lower of cost or market. | Securities and precious metals held as current and non-current assets | Current assets are valued at the lower of cost or market. Money market papers are measured at amortised cost. Fixed interest-bearing securities assigned to non-current assets are reported in the balance sheet at the repayment amount. Premiums and discounts which have not yet been amortised are reported as accrued items. Only those debt instruments which are kept until maturity are recorded as non-current assets. | Precious metals held as current assets are valued at the market value on the balance sheet date. Precious metals held as non-current assets are reported at cost minus necessary value adjustments. | Shares in affiliated companies and participations","In addition to the specific value adjustments, the bank makes portfolio value adjustments to cover any latent default risks present on the balance sheet date. Equivalent claims not entitled to specific value adjustments are grouped together into risk portfolios. A calculation model is then applied to each risk portfolio to determine the necessary portfolio value adjustments based on the probability of default and loss given default. Portfolio value adjustments are offset against the corresponding claims. Changes to the portfolio value adjustments are entered in the income statement.
Impaired claims are reclassified as performing if the outstanding capital amounts and interest are once again being paid within the period that was contractually agreed to.
Trading positions comprising securiti"
17,3615,21,"Repurchase and reverse repurchase transactions (repo transactions) | Repo transactions are used to refinance and fund money market transactions. Cash deposited against securities received as collateral are recognised in the balance sheet under loans and advances to banks or loans and advances to clients. Cash received against securities provided as collateral are recognised in the balance sheet under amounts due to banks or amounts due to clients. Securities provided to serve as collateral thus continue to be posted in the corresponding balance sheet positions – securities received to serve as collateral are not reported in the balance sheet. Interest resulting from the transactions is posted as net interest income. | Securities lending and borrowing transactions | Securities lending is recorded as the value of cash deposits which have been received or made, including interest accrued. | Securities which have been borrowed or accepted as collateral are only recorded in the balance sheet if the bank gains control of the contractual rights contained in these securities. Securities lent or provided as collateral are only removed from the balance sheet if the bank loses the contractual rights associated with these securities. The market values of the securities which have been either borrowed or lent are monitored daily so that additional collateral can be provided or requested where necessary. | Fees arising from securities lending and repurchase transactions which have been received or paid are reported as interest income and interest expense. | Amounts due to banks and clients | Amounts due to banks and clients are reported in the balance sheet at nominal value.","Repurchase and reverse repurchase transactions (repo transactions)
Repo transactions are used to refinance and fund money market transactions. Cash deposited against securities received as collateral are recognised in the balance sheet under loans and advances to banks or loans and advances to clients. Cash received against securities provided as collateral are recognised in the balance sheet under amounts due to banks or amounts due to clients. Securities provided to serve as collateral thus continue to be posted in the corresponding balance sheet positions – securities received to serve as collateral are not reported in the balance sheet. Interest resulting from the transactions is posted as net interest income.
Securities lending and borrowing transactions
Securities lending is recorded"
18,1852,8,"Market risks | Due to the nature of its business, the bank is mainly exposed to interest rate, credit spread and foreign currency risks. The Trading Committee is responsible for monitoring and managing risks arising from trading activities, while responsibility for monitoring and managing risks arising from the balance sheet structure lies with the Asset and Liability Committee. Risk exposure is limited through volume and sensitivity analyses, as well as value-at-risk and loss limits, which are approved by the Executive Board. Aggregate risks are regularly analysed and simulations of worst-case scenarios are routinely simulated. | Credit risks | Lending activities are primarily performed in the interbank market or in the private client business and normally consist of covered loans. The bank has a conservative lending policy and the same guidelines are applied for both cash lending and credit commitments. The bank also counteracts the creation of concentration and country risk by strictly limiting default risk. It uses an internal rating procedure as a tool for efficient risk management and for the risk-adjusted calculation of terms and conditions. The Executive Board is regularly informed of risk-related developments through detailed reports. | Operational risks | Operational risk is defined as the risk of loss resulting from inadequate or insufficient internal processes, people and systems, or from external events. LGT Bank Ltd. has established a Group-wide committee which supports the Executive Board in identifying these risks early on and in implementing appropriate measures. | Derivative financial instruments | Interest rate and currency swaps are regularly used to manage the bank's own risk positions. In addition to the aforementioned instruments, foreign currency and precious metals options are also used in the client business.","Market risks
Due to the nature of its business, the bank is mainly exposed to interest rate, credit spread and foreign currency risks. The Trading Committee is responsible for monitoring and managing risks arising from trading activities, while responsibility for monitoring and managing risks arising from the balance sheet structure lies with the Asset and Liability Committee. Risk exposure is limited through volume and sensitivity analyses, as well as value-at-risk and loss limits, which are approved by the Executive Board. Aggregate risks are regularly analysed and simulations of worst-case scenarios are routinely simulated.
Credit risks
Lending activities are primarily performed in the interbank market or in the private client business and normally consist of covered loans. The bank has"
19,0,0,,
20,1898,173,Details on the balance sheet | 1 Overview of collateral (CHF thousands) | Mortgage- | backed | Other | collateral | Without | collateral,"Details on the balance sheet
1 Overview of collateral (CHF thousands)
Mortgage-
backed
Other
collateral
Without
collateral
Total
Advances
Due from clients (excl. mortgage loans)
82 570
7 066 178
4 529 782
11 678 530
Mortgage loans
3 313 352
0
0
3 313 352
Residential properties
2 799 082
0
0
2 799 082
Office and business premises
282 130
0
0
282 130
Commercial and industrial premises
92 886
0
0
92 886
Other
139 254
0
0
139 254
Total
31.12.2025
3 395 923
7 066 178
4 529 782
14 991 882
31.12.2024
3 154 502
7 634 265
5 095 138
15 883 906
Off-balance sheet transactions
Contingent liabilities
1 323
207 476
343 516
552 315
Irrevocable commitments
29 773
83 155
403 045
515 972
Commitments to subscribe additional contributions
for shares or other equity securities
9
800 182
904 591
1 704 782
Total
"
21,2188,169,3 | Securities and precious metals held as | Book value | Cost | Market value | current assets (excl. trading positions) | (CHF thousands) | 31.12.2025,"3
Securities and precious metals held as
Book value
Cost
Market value
current assets (excl. trading positions)
(CHF thousands)
31.12.2025
31.12.2024
31.12.2025
31.12.2024
31.12.2025
31.12.2024
Debt instruments
4 774 033
7 371 151
5 183 077
7 408 325
4 797 685
7 378 918
Equity paper
6 338
0
6 338
0
6 338
0
Precious metals
0
0
0
0
0
0
Total
4 780 371
7 371 151
5 189 415
7 408 325
4 804 024
7 378 918
of which eligible as security for
central bank borrowings
2 096 980
4 211 550
2 266 829
4 256 460
2 105 678
4 214 967
4
Securities and precious metals held as
Book value
Cost
Market value
non-current assets (CHF thousands)
31.12.2025
31.12.2024
31.12.2025
31.12.2024
31.12.2025
31.12.2024
Debt instruments
0
0
0
0
0
0
Equity paper
0
0
0
0
0
0
Precious metals
536
455
781
781
1 020
702
Total
536
455
"
22,1810,113,7 Participations | The companies listed under participations serve only as infrastructure and account for a negligible portion of capital and voting shares. No shares in banks or investment firms are included under participations. | 8 Statement of changes in non-current assets (CHF thousands) | Cost | Accumulated | depreciation/ | write-ups | Book value,"7 Participations
The companies listed under participations serve only as infrastructure and account for a negligible portion of capital and voting shares. No shares in banks or investment firms are included under participations.
8 Statement of changes in non-current assets (CHF thousands)
Cost
Accumulated
depreciation/
write-ups
Book value
31.12.2024
Total participations (minority holdings)
355
0
355
Total shares in affiliated companies
12 166
0
12 166
Total securities and precious metals held as non-current assets
781
-326
455
Total intangible assets
250 062
-151 999
98 063
Properties
Bank premises
246 908
-165 503
81 405
Other properties
9 616
-9 616
0
Other tangible assets
11 846
-7 878
3 967
Total tangible assets
268 370
-182 998
85 373
Fire insurance value of properties
228 664
Fire i"
23,3021,153,7 | 8 | 9 | Participations | The companies listed under participations serve only as infrastructure and account for a negligible portion of capital and voting shares. | No shares in banks or investment firms are included under participations. | Statement of changes in non-current assets (CHF thousands) | Total participations (minority holdings),"7
8
9
Participations
The companies listed under participations serve only as infrastructure and account for a negligible portion of capital and voting shares.
No shares in banks or investment firms are included under participations.
Statement of changes in non-current assets (CHF thousands)
Total participations (minority holdings)
Total shares in affiliated companies
Total securities and precious metals held as non-current assets
Total intangible assets
Properties
Bank premises
Other properties
Other tangible assets
Total tangible assets
Fire insurance value of properties
Fire insurance value of other tangible assets
Real estate intended for sale
(not included in the statement of changes in non-current assets)
Liabilities: future lease instalments from operational leasing
No reclassificati"
24,2229,176,11 Liabilities in respect of own pension funds (CHF thousands) | 31.12.2025 | 31.12.2024 | Total liabilities | 36 717 | 44 819 | 12 Outstanding bonds at 31.12.2025 | Interest rate,"11 Liabilities in respect of own pension funds (CHF thousands)
31.12.2025
31.12.2024
Total liabilities
36 717
44 819
12 Outstanding bonds at 31.12.2025
Interest rate
%
Year of
issue
Earliest
redemption
date
Currency
Outstanding
amount CHF
thousands
LGT GIM Index Certificates II/2
0.0
ongoing
31.03.2026
EUR
18 022
LGT GIM Index Certificates III
0.0
ongoing
31.07.2026
EUR
61 339
0.2% bond LGT Bank Ltd. 2016 – 12.10.2026
0.2
2016
12.10.2026
CHF
349 996
0.5% bond LGT Bank Ltd. 2017 – 12.05.2027
0.5
2017
12.05.2027
CHF
275 258
0.375% bond LGT Bank Ltd. 2019 – 05.07.2028
0.375
2019
05.07.2028
CHF
149 897
0.375% bond LGT Bank Ltd. 2019 – 15.11.2029
0.375
2019
15.11.2029
CHF
159 941
0.2% bond LGT Bank Ltd. 2020 – 04.11.2030
0.2
2020
04.11.2030
CHF
224 702
0.45% bond LGT Bank Ltd. 2021 – 29.07.2031"
25,1689,93,14 Share capital (CHF thousands) | 31.12.2025 | 31.12.2024 | Total | nominal | value | Number | of shares,"14 Share capital (CHF thousands)
31.12.2025
31.12.2024
Total
nominal
value
Number
of shares
Capital
entitled to
a dividend
Total
nominal
value
Number
of shares
Capital
entitled to
a dividend
Share capital
291 201
2 912 008
291 201
291 201
2 912 008
291 201
Total
291 201
2 912 008
291 201
291 201
2 912 008
291 201
No authorised capital or contingent capital exists.
Major shareholders and groups of shareholders
linked by voting rights
With voting rights: LGT Group Holding Ltd.
Nominal
291 201
31.12.2025
%
100.0
Nominal
291 201
31.12.2024
%
100.0
LGT Group Holding Ltd. is a 100 % subsidiary of LGT Group Foundation. The sole beneficiary of LGT Group Foundation is the Prince of Liechtenstein Foundation (POLF) and, in turn, the sole beneficiary of the POLF is the Reigning Prince of Liechtenstein"
26,2429,228,"16 Maturity structure of assets, liabilities and provisions (CHF thousands) | On demand | Redeemable | Assets | Cash and cash equivalents | 3 058 458 | 0 | Due from banks","16 Maturity structure of assets, liabilities and provisions (CHF thousands)
On demand
Redeemable
Assets
Cash and cash equivalents
3 058 458
0
Due from banks
1 929 494
0
Due from clients
177 985
1 288 412
of which mortgage loans
2 838
163 867
Trading positions comprising securities and precious metals
3 305 132
0
Debt instruments and precious metals held as current assets
(excl. trading positions)
4 444 652
0
of which debt instruments of public authorities and bills
eligible for refinancing at central banks
0
0
Securities and precious metals held as non-current assets
536
0
Other assets
161 843
187 781
Total assets
31.12.2025
13 078 101
1 476 193
31.12.2024
12 894 614
1 047 398
Liabilities and provisions
Due to banks
4 217 367
5 440 616
Due to clients
7 812 559
10 008 449
Savings accounts
0"
27,2429,231,"16 | Maturity structure of assets, liabilities and provisions | (CHF thousands) | Assets | Cash and cash equivalents | Due from banks | Due from clients | of which mortgage loans","16
Maturity structure of assets, liabilities and provisions
(CHF thousands)
Assets
Cash and cash equivalents
Due from banks
Due from clients
of which mortgage loans
Trading positions comprising securities and precious metals
Debt instruments and precious metals held as current assets
(excl. trading positions)
of which debt instruments of public authorities and bills
eligible for refinancing at central banks
Securities and precious metals held as non-current assets
Other assets
Total assets
Liabilities and provisions
Due to banks
Due to clients
Savings accounts
Other liabilities to clients
Securitised liabilities
Issued bonds
of which medium-term notes
Other securitised liabilities
Provisions (excl. provisions for general banking risks)
Other liabilities
Total liabilities and provisions
31."
28,2059,103,17 | Transactions with closely associated persons (CHF thousands) | 31.12.2025 | 31.12.2024 | Claims on affiliated companies | Due from banks | 1 434 254 | 1 468 880,"17
Transactions with closely associated persons (CHF thousands)
31.12.2025
31.12.2024
Claims on affiliated companies
Due from banks
1 434 254
1 468 880
Due from clients
5 336 053
6 692 485
of which due from qualified participants
4 049 435
5 715 183
Total
6 770 307
8 161 365
Liabilities to affiliated companies
Due to banks
10 858 641
13 519 463
Due to clients
1 099 848
809 252
of which due to qualified participants
5 717
8 147
Total
11 958 489
14 328 715
Loans to governing bodies
Members of the Board of Directors
1 998
1 998
Members of the Executive Board
9 160
8 747
Members of the governing bodies of the parent company
1 274
999
Total
12 432
11 744
Claims and liabilities to Prince of Liechtenstein Foundation (qualified participant)
Due from clients
1 959
2 137
Due to clients
32 971
11 715"
29,2142,115,Counterparty | Type(s) of transaction | 2025 | 2024 | Contingent liabilities | Guarantees | 30 464 | 28 912,"Counterparty
Type(s) of transaction
2025
2024
Contingent liabilities
Guarantees
30 464
28 912
Commitments to subscribe additional contributions
for shares or other equity securities
Payment commitments
466 084
465 560
LGT Bank (Singapore) Ltd., Singapore
Interest earned
Debit interest, negative debit interest
499
584
Interest paid
Credit interest, negative credit interest
88 603
134 874
Commission income
Brokerage fees, custody fees
143 484
124 373
Commission paid
Client advisory services, investment management
11 367
5 856
Other ordinary income
Loan administration, management services, investment
services, client administration services
28 115
27 823
Operating expenses
Trading administration, investment services,
front-support-services
33 147
37 356
Contingent liabilities
Guarantees
8 237"
30,1693,99,"Counterparty | Type(s) of transaction | 2025 | 2024 | LGT Global Invest Ltd., Cayman | Interest earned | Debit interest | 398","Counterparty
Type(s) of transaction
2025
2024
LGT Global Invest Ltd., Cayman
Interest earned
Debit interest
398
2 522
Commitments to subscribe additional contributions
for shares or other equity securities
Payment commitments
0
2 606
LGT Investment Management (Asia) Ltd., Hongkong
Other ordinary income
Dividends, management services, investment services,
accounting, compliance, staff expenses, IT
26 263
27 233
Personnel expenses
Staff interchange
1 912
983
Contingent liabilities
Guarantees
2 375
2 715
LGT Certificates Ltd., Cayman
Commission income
Distribution fees
978
1 694
LGT Wealth Management UK LLP, London
Interest paid
Credit interest
1 024
912
LGT UK Holdings Ltd., London
Interest earned
Debit interest
1 778
4 686
Contingent liabilities
Guarantees
82 459
0
LGT Securities (Thailand)"
31,2279,169,"Counterparty | Type(s) of transaction | 2025 | 2024 | LGT PB Fund Solutions AG, Vaduz | Commission income | Distribution fees | 6 831","Counterparty
Type(s) of transaction
2025
2024
LGT PB Fund Solutions AG, Vaduz
Commission income
Distribution fees
6 831
6 568
Other ordinary income
Dividends
24 959
27 984
LGT IT Services APAC Pte. Ltd., Hongkong Branch, Hongkong
Other ordinary income
Income from real estate, facility, management services
1 959
0
18 Breakdown of balance sheet according to domicile (CHF thousands)
31.12.2025
31.12.2024
Domestic
Abroad
Domestic
Abroad
Assets
Cash and cash equivalents
13 599
3 044 859
3 573 591
44 403
Debt instruments of public authorities and bills which are eligible for
refinancing at central banks
0
335 719
2 297 304
1 032 676
Due from banks
0
16 031 100
11 140 750
5 562 549
Due from clients (excl. mortgage loans)
4 631 651
7 046 879
7 318 682
5 502 472
Mortgage loans
1 878 977
1 434 375
2"
32,521,58,19 Breakdown of assets according to country/country group | 31.12.2025 | 31.12.2024 | TCHF | % | TCHF | % | Country,"19 Breakdown of assets according to country/country group
31.12.2025
31.12.2024
TCHF
%
TCHF
%
Country
Liechtenstein
7 042 301
16.0
8 810 390
18.1
Switzerland
16 131 076
36.8
19 535 171
40.2
Europe excl. Liechtenstein/Switzerland
12 348 597
28.1
11 247 461
23.1
North America
2 048 394
4.7
3 326 562
6.8
Caribbean
1 330 217
3.0
1 202 366
2.4
Latin America
94 412
0.2
73 507
0.2
Africa
22 824
0.1
27 979
0.1
Asia
3 296 942
7.5
3 175 067
6.5
Oceania
1 577 876
3.6
1 245 542
2.6
Total assets
43 892 639
100.0
48 644 045
100.0"
33,2257,204,20 Breakdown of balance sheet according to currencies (CHF thousands) | CHF | EUR | USD | Other | 31.12.2025 | Total | Assets,"20 Breakdown of balance sheet according to currencies (CHF thousands)
CHF
EUR
USD
Other
31.12.2025
Total
Assets
Cash and cash equivalents
3 015 567
37 060
415
5 416
3 058 458
Debt instruments of public authorities and bills
which are eligible for refinancing at central banks
300 249
0
0
35 470
335 719
Due from banks
9 475 128
3 508 452
2 146 914
900 606
16 031 100
Due from clients (excl. mortgage loans)
6 123 849
2 307 317
1 255 190
1 992 173
11 678 530
Mortgage loans
2 547 193
480 057
10 197
275 905
3 313 352
Bonds and other fixed interest-bearing securities
461 819
283 531
4 435 894
831 005
6 012 248
Equities and other non-fixed interest securities
0
475
6 338
0
6 813
Participations
355
0
0
0
355
Shares in affiliated companies
4 655
2 791
0
4 098
11 545
Intangible assets
0
51 730
0
18 22"
34,2255,205,Breakdown of balance sheet according to currencies | (CHF thousands) | CHF | EUR | USD | Other | 31.12.2024 | Total,"Breakdown of balance sheet according to currencies
(CHF thousands)
CHF
EUR
USD
Other
31.12.2024
Total
Assets
Cash and cash equivalents
3 570 101
35 490
391
12 012
3 617 994
Debt instruments of public authorities and bills which
are eligible for refinancing at central banks
2 297 304
0
992 221
40 456
3 329 981
Due from banks
10 527 883
3 555 300
2 104 797
515 319
16 703 299
Due from clients (excl. mortgage loans)
7 754 527
1 955 046
1 217 019
1 894 562
12 821 154
Mortgage loans
2 373 482
365 185
13 655
310 431
3 062 752
Bonds and other fixed interest-bearing securities
385 191
309 787
3 998 596
882 643
5 576 217
Equities and other non-fixed interest securities
0
0
0
0
0
Participations
355
0
0
0
355
Shares in affiliated companies
4 655
2 814
0
4 697
12 166
Intangible assets
0
61 519
0
36 544"
35,1211,85,21 | Subordinated assets (CHF thousands) | 31.12.2025 | 31.12.2024 | Bonds and other fixed interest-bearing securities | 19 077 | 21 767 | Total,"21
Subordinated assets (CHF thousands)
31.12.2025
31.12.2024
Bonds and other fixed interest-bearing securities
19 077
21 767
Total
19 077
21 767
22
Debt instruments of public authorities and bills which are eligible for refinancing at central banks
(CHF thousands)
31.12.2025
31.12.2024
Debt instruments of public authorities
335 719
3 329 981
Total
335 719
3 329 981
23
Bonds and other fixed interest-bearing securities (CHF thousands)
31.12.2025
31.12.2024
Money market paper
341 241
9 687
of which from public sector issuers
0
0
of which from other issuers
341 241
9 687
Bonds
5 671 007
5 566 530
of which from public sector issuers
694 316
705 964
of which from other issuers
4 976 691
4 860 566
of which own bonds
16 169
16 670
Total
6 012 248
5 576 217
24 Due to clients (CHF thousands)
31.12.2"
36,879,39,Details on the off-balance sheet transactions | 27 Contingent liabilities (CHF thousands) | 31.12.2025 | 31.12.2024 | Credit guarantees and similar instruments | 502 113 | 459 388 | of which for affiliated companies,"Details on the off-balance sheet transactions
27 Contingent liabilities (CHF thousands)
31.12.2025
31.12.2024
Credit guarantees and similar instruments
502 113
459 388
of which for affiliated companies
326 798
254 024
Performance guarantees and similar instruments
46 790
11 275 317
of which for affiliated companies
3 245
11 197 815
Irrevocable commitments and other contingent liabilities
3 412
4 582
of which for affiliated companies
0
0
Total
552 315
11 739 286
28 Commitment credits
Liabilities from deferred payments are reported in the balance sheet. There were no acceptance or credit commitments at 31 December 2025 or 31 December 2024.
29 Fiduciary transactions (CHF thousands)
31.12.2025
31.12.2024
Fiduciary investments at third-party banks
170 531
270 221
Fiduciary loans and other finan"
37,1177,151,30 Open derivative financial instruments (CHF thousands) | Trading instruments | Hedging instruments | Positive | replacement | values | Negative | replacement,"30 Open derivative financial instruments (CHF thousands)
Trading instruments
Hedging instruments
Positive
replacement
values
Negative
replacement
values
Contract
volume
Positive
replacement
values
Negative
replacement
values
Contract
volume
Interest rate instruments
Forward contracts incl. FRAs
0
0
0
0
0
0
Swaps
1 801
1 544
386 297
43 829
26 746
4 673 746
Futures
0
0
0
0
0
0
Options (OTC)
0
0
0
0
0
0
Options (exchange-traded)
0
0
0
0
0
0
Forex/precious metals
Forward contracts
797 847
787 678
92 306 013
62 461
60 814
14 366 288
Swaps
0
0
0
0
0
0
Futures
0
0
0
0
0
0
Options (OTC)
187 418
149 153
12 382 348
0
0
0
Options (exchange-traded)
0
0
0
0
0
0
Equity securities/indices
Forward contracts
0
0
0
0
0
0
Swaps
0
0
0
0
0
0
Futures
0
0
0
0
0
0
Options (OTC)
214 010
214 010
6 079 404
0
0
0
Opt"
38,1739,93,Details on the income statement | 31 Offsetting of refinancing expenses with income from trading | The refinancing expenses arising from trading positions are not offset against income from trading activities. | 32 Interest income from fixed interest securities (CHF thousands) | 2025 | 2024 | Interest income from bonds | 147 648,"Details on the income statement
31 Offsetting of refinancing expenses with income from trading
The refinancing expenses arising from trading positions are not offset against income from trading activities.
32 Interest income from fixed interest securities (CHF thousands)
2025
2024
Interest income from bonds
147 648
144 016
Interest income from money market paper
14 494
52 542
Total
162 142
196 558
33 Negative interest (CHF thousands)
2025
2024
Negative interest on assets (reduction of interest income)
-2 948
-411
Negative interest on liabilities (reduction of interest expense)
1 301
174
34
Income from trading transactions (CHF thousands)
Reported in the income statement under
2025
2024
Interest income from fixed interest securities
Interest income
59 329
69 739
Trading in foreign exchange "
39,1233,64,"37 Losses, extraordinary items, provisions | The losses reported under the item ""Other ordinary expenses"" were incurred in connection with lending business and settlements. The previous year includes non-periodic expenses from corrections in connection with margin accounts (see also Note 44). The item ""Provisions"" contains mainly tax provisions, provisions for projects, as well as provisions for other business risks (see also notes 13 and 26). | 38 | Income and expenses broken down according to office or branch | (CHF thousands) | 2025 | 2024 | Liechtenstein","37 Losses, extraordinary items, provisions
The losses reported under the item ""Other ordinary expenses"" were incurred in connection with lending business and settlements. The previous year includes non-periodic expenses from corrections in connection with margin accounts (see also Note 44). The item ""Provisions"" contains mainly tax provisions, provisions for projects, as well as provisions for other business risks (see also notes 13 and 26).
38
Income and expenses broken down according to office or branch
(CHF thousands)
2025
2024
Liechtenstein
Abroad
Liechtenstein
Abroad
Interest earned
1 280 777
134 193
1 708 000
174 280
Interest paid
-843 549
-227 882
-1 174 459
-289 537
Current income from securities
38 846
40 964
28 927
35 739
Income from commission business and services
244 589
235 9"
40,1560,104,Additional information | 40 | Securities negotiable on the stock exchange (CHF thousands) | 31.12.2025 | 31.12.2024 | Bonds and other fixed interest-bearing securities | 6 012 248 | 5 576 217,"Additional information
40
Securities negotiable on the stock exchange (CHF thousands)
31.12.2025
31.12.2024
Bonds and other fixed interest-bearing securities
6 012 248
5 576 217
of which listed securities
4 495 097
4 312 040
of which listed and treated as current assets
4 495 097
4 312 040
of which listed and treated as non-current assets
0
0
of which unlisted securities
1 517 152
1 264 177
Equities and other non-fixed interest securities
6 813
0
of which listed securities
0
0
of which listed and treated as current assets
0
0
of which listed and treated as non-current assets
0
0
of which unlisted securities
6 813
0
Participations
355
355
of which listed securities
0
0
of which unlisted securities
355
355
Shares in affiliated companies
11 545
12 166
of which listed securities
0
0
of which u"
41,2656,70,43 Other ordinary income (CHF thousands) | 2025 | 2024 | Compensation from Group companies | 58 437 | 56 394 | Income from real estate | 6 440,"43 Other ordinary income (CHF thousands)
2025
2024
Compensation from Group companies
58 437
56 394
Income from real estate
6 440
6 008
Income from the release of provisions
6 960
33
Remaining other income
3 539
3 370
Total
75 376
65 804
Compensation from other Group companies accounted for a large component of other ordinary income in 2025. This item comprises compensation for services performed centrally by the bank on behalf of the Group companies. Income from real estate contains the net amounts (rent payments less maintenance costs) from the rental of bank-owned property to third parties and Group companies.
44 Other ordinary expenses (CHF thousands)
2025
2024
Losses from receivables and guarantees
118
90
Transaction losses
1 115
1 290
Creation of provisions for other business risks
13"
42,1305,61,46 Foreign branch offices | Business | activity | Domicile | Gross | operating | income | CHF,"46 Foreign branch offices
Business
activity
Domicile
Gross
operating
income
CHF
thousands
Personnel
(full-time
equivalents)
Profit for
the year
CHF
thousands
Tax on
earnings
CHF
thousands
Branches
LGT Bank AG, Zweigniederlassung Österreich
Bank
Vienna
100 056
203
4 934
-2 107
LGT Bank Ltd., Hongkong Branch
Bank
Hongkong
331 557
426
38 484
-7 035
LGT Bank Ltd., Dublin Branch
Bank
Dublin
3 257
2
249
-108
LGT Bank AG, Zweigniederlassung Deutschland
Bank
Munich
15 878
58
-11 717
0
LGT Bank Ltd., UK Branch
Bank
London
1 252
4
1
66
47 Outstanding bonds
Product explanations for table 12 on page 24
The LGT GIM Index Certificates (EUR) are issued in the form of no-par-value promissory notes. These each relate to one of the LGT Premium Strategy GIM (EUR) indices administered by index sponsor LGT Cap"
43,0,0,,
44,2071,15,"Report of the statutory auditor | Statutory Auditor's Report | To the General Meeting of LGT Bank AG , Vaduz | Report on the Audit of the Financial Statements | Opinion | We have audited the financial statements of LGT Bank AG (Company), which comprise the balance sheet as at 31 December 2025, the income statement and the statement of cash flows for the year then ended, and the notes to the financial statements, including a summary of significant accounting policies. | In our opinion, the financial statements (pages 8 to 42) give a true and fair view of the financial position of the Company as at 31 December 2025 and its financial performance for the year then ended in accordance with Liechtenstein law. | Basis for Opinion","Report of the statutory auditor
Statutory Auditor's Report
To the General Meeting of LGT Bank AG , Vaduz
Report on the Audit of the Financial Statements
Opinion
We have audited the financial statements of LGT Bank AG (Company), which comprise the balance sheet as at 31 December 2025, the income statement and the statement of cash flows for the year then ended, and the notes to the financial statements, including a summary of significant accounting policies.
In our opinion, the financial statements (pages 8 to 42) give a true and fair view of the financial position of the Company as at 31 December 2025 and its financial performance for the year then ended in accordance with Liechtenstein law.
Basis for Opinion
We conducted our audit in accordance with Liechtenstein law and International Sta"
45,3370,25,"RECOVERABILITY OF LOANS | Key Audit Matter | As at 31 December 2025, the Bank reports loans of CHF 15 billion, representing 34% of total assets. | Loans are valued at amortized cost, taking into account any allowances. Allowances for credit risks are determined by applying judgement and assumptions. This applies particularly to the creation of individual allowances for loans at risk of default. | Due to the existence of considerable scope for judgement in the method of calculating and measuring any need for allowances and the high amount of the balance sheet position, we consider the recoverability of loans to be a key audit matter. | Our response | Our audit procedures included the verification of key controls relating to the approval, recording and monitoring of loans. In this regard, we performed effectiveness tests of key controls on a sample basis. | For a sample of loans with specific allowances, we assessed whether the allowances made by the bank were appropriate.","RECOVERABILITY OF LOANS
Key Audit Matter
As at 31 December 2025, the Bank reports loans of CHF 15 billion, representing 34% of total assets.
Loans are valued at amortized cost, taking into account any allowances. Allowances for credit risks are determined by applying judgement and assumptions. This applies particularly to the creation of individual allowances for loans at risk of default.
Due to the existence of considerable scope for judgement in the method of calculating and measuring any need for allowances and the high amount of the balance sheet position, we consider the recoverability of loans to be a key audit matter.
Our response
Our audit procedures included the verification of key controls relating to the approval, recording and monitoring of loans. In this regard, we performed e"
46,2753,13,"For further information on provisions for other business risks, refer to the following pages of the notes to the financial statements: | − Page 17: Accounting principles: Value adjustments and provisions | − Page 24: Details on the balance sheet: 13 Value adjustments and provisions | Other Information | The Board of Directors is responsible for the other information in the annual report. The other information comprises that information included in the annual report, but does not include the financial statements, the management report and our auditor's reports thereon. | Our opinion on the financial statements does not cover the other information, and we do not express any form of assurance conclusion thereon. | In connection with our audit, we have the responsibility to read the other information and to consider whether the other information is materially inconsistent with the financial statements or our knowledge obtained in the audit, or otherwise appears to be materially misstated. | If, on the basis of our work we have performed, we conclude that there is a material misstatement of this other information, we are required to report that fact. We have nothing to report in this regard.","For further information on provisions for other business risks, refer to the following pages of the notes to the financial statements:
− Page 17: Accounting principles: Value adjustments and provisions
− Page 24: Details on the balance sheet: 13 Value adjustments and provisions
Other Information
The Board of Directors is responsible for the other information in the annual report. The other information comprises that information included in the annual report, but does not include the financial statements, the management report and our auditor's reports thereon.
Our opinion on the financial statements does not cover the other information, and we do not express any form of assurance conclusion thereon.
In connection with our audit, we have the responsibility to read the other information and "
47,3763,10,"As part of an audit in accordance with Liechtenstein law and ISAs, we exercise professional judgement and maintain professional scepticism throughout the audit. We also: | − Identify and assess the risks of material misstatement of the financial statements or, whether due to fraud design and perform audit procedures responsive to those risks, and obtain audit evidence that is sufficient and appropriate to provide a basis for our opinion. The risk of not detecting a material misstatement resulting from fraud is higher than for one resulting from error, as fraud may involve collusion, forgery, intentional omissions, misrepresentations or the override of internal control. | − Obtain an understanding of internal control relevant to the audit in order to design audit procedures that are appropriate in the circumstances, but not for the purpose of expressing an opinion on the effectiveness of the Company's internal control. | − Evaluate the appropriateness of accounting policies used and the reasonableness of accounting estimates and related disclosures made. | − Conclude on the appropriateness of the Board of Directors' use of the going concern basis of accounting and, based on the audit evidence obtained, whether a material uncertainty exists related to events or conditions that may cast significant doubt on the Company's ability to continue as a going concern. If we conclude that a material uncertainty exists, we are required to draw attention in our auditor's report to the related disclosures in the financial statements or, if such disclosures are inadequate, to modify our opinion. Our conclusions are based on the audit evidence obtained up to the date of our auditor's report. However, future events or conditions may cause the Company to cease to continue as a going concern. | − Evaluate the overall presentation, structure and content of the financial statements, including the disclosures, and whether the financial statements represent the underlying transactions and events in a manner that achieves fair presentation. | − We plan and perform the audit of the financial statements to obtain sufficient appropriate audit evidence about the financial information of the entities or business segments within the company as a basis for forming an audit opinion on the financial statements. We are responsible for the direction, supervision, and review of the audit activities performed for the purpose of auditing the financial statements. We are solely responsible for our audit opinion. | We communicate with the Board of Directors and the Audit Committee regarding, among other matters, the planned scope and timing of the audit and significant audit findings, including any significant deficiencies in internal control that we identify during our audit.","As part of an audit in accordance with Liechtenstein law and ISAs, we exercise professional judgement and maintain professional scepticism throughout the audit. We also:
− Identify and assess the risks of material misstatement of the financial statements or, whether due to fraud design and perform audit procedures responsive to those risks, and obtain audit evidence that is sufficient and appropriate to provide a basis for our opinion. The risk of not detecting a material misstatement resulting from fraud is higher than for one resulting from error, as fraud may involve collusion, forgery, intentional omissions, misrepresentations or the override of internal control.
− Obtain an understanding of internal control relevant to the audit in order to design audit procedures that are appropriate"
48,2284,17,"Report on Other Legal and Regulatory Requirements | Further Information pursuant to Article 10 of Regulation (EU) No 537/2014 | We were re -elected as statutory auditor by the General Meeting on 24 March 2025. We have been the statutory auditor of the Company without interruption since the financial year ending on 31 December 2024 . | We declare that the audit opinions contained in this statutory auditor's report are consistent with the additional report to the Audit Committee pursuant to Article 11 of Regulation (EU) No 537/2014. | We have provided the following services, which were not disclosed in the consolidated financial statements or in the consolidated management report, in addition to the statutory audit for the audited company or for the companies controlled by it: | − Regulatory audit according to the applicable requirements | − Tax services in accordance with Article 46 WPG as well as regulatory and other consulting services | Further, we declare in accordance with Article 10 para. 2 lit. f Regulation (EU) No. 537/2014 that no prohibited non-audit services pursuant to Article 5 para. 1 Regulation (EU) No. 537/2014 were provided.","Report on Other Legal and Regulatory Requirements
Further Information pursuant to Article 10 of Regulation (EU) No 537/2014
We were re -elected as statutory auditor by the General Meeting on 24 March 2025. We have been the statutory auditor of the Company without interruption since the financial year ending on 31 December 2024 .
We declare that the audit opinions contained in this statutory auditor's report are consistent with the additional report to the Audit Committee pursuant to Article 11 of Regulation (EU) No 537/2014.
We have provided the following services, which were not disclosed in the consolidated financial statements or in the consolidated management report, in addition to the statutory audit for the audited company or for the companies controlled by it:
− Regulatory audit acc"
49,0,0,,
50,1359,32,"International locations | LGT Private Banking | Europe | Austria Salzburg, Vienna Germany Cologne, Düsseldorf, Frankfurt am Main, Hamburg, Munich Ireland Dublin Principality of Liechtenstein Vaduz Switzerland Basel, Berne, Geneva, Lugano, St. Gallen, Zurich United Kingdom Birmingham, Bristol, Edinburgh, | Jersey, Leeds, London, Manchester | Middle East | Bahrain Manama | United Arab Emirates Dubai","International locations
LGT Private Banking
Europe
Austria Salzburg, Vienna Germany Cologne, Düsseldorf, Frankfurt am Main, Hamburg, Munich Ireland Dublin Principality of Liechtenstein Vaduz Switzerland Basel, Berne, Geneva, Lugano, St. Gallen, Zurich United Kingdom Birmingham, Bristol, Edinburgh,
Jersey, Leeds, London, Manchester
Middle East
Bahrain Manama
United Arab Emirates Dubai
Asia-Pacific
Australia Adelaide, Brisbane, Melbourne, Perth, Sydney Hong Kong
India Mumbai, New Delhi and other locations
Japan Tokyo
Singapore
Thailand Bangkok
A complete list of LGT Private Banking locations can be found at www.lgt.com
Imprint
Image credits
Cover: LIECHTENSTEIN. The Princely Collections,
Vaduz–Vienna; Pajor Pawel/shutterstock.com
Page 7: gregorioa/shutterstock.com
Page 13: Denis Belitsky/shu"
51,270,2,"Group Marketing & Communications Phone +423 235 11 22, info@lgt.com LGT Bank Ltd. is confident about the year ahead, despite a challenging geopolitical and economic environment, and financial markets that remain difficult to predict. | Roland Matt, Chief Executive Officer","Group Marketing & Communications Phone +423 235 11 22, info@lgt.com LGT Bank Ltd. is confident about the year ahead, despite a challenging geopolitical and economic environment, and financial markets that remain difficult to predict.
Roland Matt, Chief Executive Officer"
52,55,2,"BIC BLFLLI2X, CR No.: 1122356-7 | Reg. Office: 9490 Vaduz","BIC BLFLLI2X, CR No.: 1122356-7
Reg. Office: 9490 Vaduz"
